id,mode,trial,plot_collection,acquisition_at,label,row,col,variable_code,value,unit_code,remarks
,insert,hypercover,hypercover_measurement_plots_250807,2025-08-07,x2_y1,1,2,FBM,71.28,g_m2,
,insert,hypercover,hypercover_measurement_plots_250807,2025-08-07,x4_y1,1,4,FBM,126.28,g_m2,
,insert,hypercover,hypercover_measurement_plots_250807,2025-08-07,x6_y1,1,6,FBM,83,g_m2,
,insert,hypercover,hypercover_measurement_plots_250807,2025-08-07,x8_y1,1,8,FBM,229.88,g_m2,
,insert,hypercover,hypercover_measurement_plots_250807,2025-08-07,x2_y2,2,2,FBM,213.52,g_m2,
,insert,hypercover,hypercover_measurement_plots_250807,2025-08-07,x4_y2,2,4,FBM,137.08,g_m2,
,insert,hypercover,hypercover_measurement_plots_250807,2025-08-07,x6_y2,2,6,FBM,158.36,g_m2,
,insert,hypercover,hypercover_measurement_plots_250807,2025-08-07,x8_y2,2,8,FBM,396.36,g_m2,
,insert,hypercover,hypercover_measurement_plots_250807,2025-08-07,x2_y3,3,2,FBM,304.24,g_m2,
,insert,hypercover,hypercover_measurement_plots_250807,2025-08-07,x4_y3,3,4,FBM,126.96,g_m2,
,insert,hypercover,hypercover_measurement_plots_250807,2025-08-07,x6_y3,3,6,FBM,184.72,g_m2,
,insert,hypercover,hypercover_measurement_plots_250807,2025-08-07,x8_y3,3,8,FBM,344.88,g_m2,
,insert,hypercover,hypercover_measurement_plots_250807,2025-08-07,x2_y4,4,2,FBM,101.72,g_m2,
,insert,hypercover,hypercover_measurement_plots_250807,2025-08-07,x4_y4,4,4,FBM,181.64,g_m2,
,insert,hypercover,hypercover_measurement_plots_250807,2025-08-07,x6_y4,4,6,FBM,171.64,g_m2,
,insert,hypercover,hypercover_measurement_plots_250807,2025-08-07,x8_y4,4,8,FBM,363.2,g_m2,
