id,trialmode,plot_collection,label,row,col,treatment_code,treatment_at
,insert,hypercover,hypercover_treatment_plots,x1_y1,1,1,SOW,2025-05-01
,insert,hypercover,hypercover_treatment_plots,x1_y1,1,1,SOW,2025-08-13
,insert,hypercover,hypercover_treatment_plots,x2_y1,1,2,SOW,2025-04-11
,insert,hypercover,hypercover_treatment_plots,x2_y1,1,2,SOW,2025-07-10
,insert,hypercover,hypercover_treatment_plots,x3_y1,1,3,SOW,2025-05-01
,insert,hypercover,hypercover_treatment_plots,x3_y1,1,3,SOW,2025-08-13
,insert,hypercover,hypercover_treatment_plots,x4_y1,1,4,SOW,2025-04-11
,insert,hypercover,hypercover_treatment_plots,x4_y1,1,4,SOW,2025-07-10
,insert,hypercover,hypercover_treatment_plots,x5_y1,1,5,SOW,2025-05-01
,insert,hypercover,hypercover_treatment_plots,x5_y1,1,5,SOW,2025-08-13
,insert,hypercover,hypercover_treatment_plots,x6_y1,1,6,SOW,2025-04-11
,insert,hypercover,hypercover_treatment_plots,x6_y1,1,6,SOW,2025-07-10
,insert,hypercover,hypercover_treatment_plots,x7_y1,1,7,SOW,2025-05-01
,insert,hypercover,hypercover_treatment_plots,x7_y1,1,7,SOW,2025-08-13
,insert,hypercover,hypercover_treatment_plots,x8_y1,1,8,SOW,2025-04-11
,insert,hypercover,hypercover_treatment_plots,x8_y1,1,8,SOW,2025-07-10