id,mode,plot_collection,row,col,treatmend_code,treatment_date
,insert,hypercover_treatment,1,1,SOW-CC-LEPH,2025-05-01
,insert,hypercover_treatment,1,1,SOW-CC-LEPH,2025-08-13
,insert,hypercover_treatment,1,2,SOW-CC-LEPH,2025-04-11
,insert,hypercover_treatment,1,2,SOW-CC-LEPH,2025-07-10
,insert,hypercover_treatment,1,3,SOW-CC-HUMU,2025-05-01
,insert,hypercover_treatment,1,3,SOW-CC-HUMU,2025-08-13
,insert,hypercover_treatment,1,4,SOW-CC-HUMU,2025-04-11
,insert,hypercover_treatment,1,4,SOW-CC-HUMU,2025-07-10
,insert,hypercover_treatment,1,5,SOW-CC-TRIA,2025-05-01
,insert,hypercover_treatment,1,5,SOW-CC-TRIA,2025-08-13
,insert,hypercover_treatment,1,6,SOW-CC-TRIA,2025-04-11
,insert,hypercover_treatment,1,6,SOW-CC-TRIA,2025-07-10
,insert,hypercover_treatment,1,7,SOW-CC-EXPR,2025-05-01
,insert,hypercover_treatment,1,7,SOW-CC-EXPR,2025-08-13
,insert,hypercover_treatment,1,8,SOW-CC-EXPR,2025-04-11
,insert,hypercover_treatment,1,8,SOW-CC-EXPR,2025-07-10