id,mode,plot_collection,acquisition_date,label,row,col,variable_code,value,unit_code,remarks
,insert,hypercover_measurement_plots_250807,07.08.2025,x2_y1,1,2,FBM,71.28,g/m^2,
,insert,hypercover_measurement_plots_250807,07.08.2025,x4_y1,1,4,FBM,126.28,g/m^2,
,insert,hypercover_measurement_plots_250807,07.08.2025,x6_y1,1,6,FBM,83,g/m^2,
,insert,hypercover_measurement_plots_250807,07.08.2025,x8_y1,1,8,FBM,229.88,g/m^2,
,insert,hypercover_measurement_plots_250807,07.08.2025,x2_y2,2,2,FBM,213.52,g/m^2,
,insert,hypercover_measurement_plots_250807,07.08.2025,x4_y2,2,4,FBM,137.08,g/m^2,
,insert,hypercover_measurement_plots_250807,07.08.2025,x6_y2,2,6,FBM,158.36,g/m^2,
,insert,hypercover_measurement_plots_250807,07.08.2025,x8_y2,2,8,FBM,396.36,g/m^2,
,insert,hypercover_measurement_plots_250807,07.08.2025,x2_y3,3,2,FBM,304.24,g/m^2,
,insert,hypercover_measurement_plots_250807,07.08.2025,x4_y3,3,4,FBM,126.96,g/m^2,
,insert,hypercover_measurement_plots_250807,07.08.2025,x6_y3,3,6,FBM,184.72,g/m^2,
,insert,hypercover_measurement_plots_250807,07.08.2025,x8_y3,3,8,FBM,344.88,g/m^2,
,insert,hypercover_measurement_plots_250807,07.08.2025,x2_y4,4,2,FBM,101.72,g/m^2,
,insert,hypercover_measurement_plots_250807,07.08.2025,x4_y4,4,4,FBM,181.64,g/m^2,
,insert,hypercover_measurement_plots_250807,07.08.2025,x6_y4,4,6,FBM,171.64,g/m^2,
,insert,hypercover_measurement_plots_250807,07.08.2025,x8_y4,4,8,FBM,363.2,g/m^2,